rank,catchcopy,itemName
1,【リサイクル料】,【弊社サービスエリア Aエリア】洗濯機・衣類乾燥機 指定メーカーA　リサイクル料金＋収集運搬料金　REC-WS-DRY-IA
2,【カタログギフト（ロッカー受取対象）結婚内祝い 出産お祝い 結婚お祝い 出産祝い 入学祝い ギフトセット 粗品 挨拶 結婚 出産】,カタログギフト（あす楽） プレミアムカタログギフト（S-BEコース） おしゃれ 出産内祝い 内祝い 引き出物 香典返し 快気祝い 結婚祝い 結婚内祝い 引出物 内祝 入学内祝い ギフト 粗供養 引越し お返し お祝い グルメ (リヴィエール)
3,最大10ヶ月間保管無料。保管対応の宅配クリーニング。保管は無料です。,宅配クリーニング 保管 宅配 クリーニング 5点+2点コース 7点 詰め放題 衣替え 夏物 ダウンジャケット 新生活 シミ抜き ボタン修理 毛玉取り オーガニック 個別洗い ハンガー仕上げ ロイヤル仕上げ ラクリ lacuri
4,クリーニング 詰め放題 クリーニング 宅配クリーニング 10点 送料無料 衣替え 新生活 サービス特集認定商品 大きいバッグ 安心 丁寧 簡易染み抜き無料 天然石鹸 母の日 】,クリーニング 宅配クリーニング ＼ブロガーさん推薦！／ 詰め放題 最大10点 送料無料 衣替え 新生活 カシミアクリーニング スキーウェアクリーニング 簡易染み抜き無料 天然石鹸クリーニング 【サービス特集認定商品】
5,クリーニング 保管【送料無料(関東〜九州)】楽天月間MVP受賞店舗♪ 高品質で選んで頂き、5万7000人以上がキレイを実感中！レビューが実証！ダントツ綺麗な仕上りに大満足♪,【アフターSALE】クリーニング 保管 宅配 スマクリ保管専科 高品質な宅配クリーニング20点まで詰め放題 保管付 クリーニング 【サービス特集認定商品】
6,最大10ヶ月間保管無料。保管対応の宅配クリーニング。保管は無料で。,宅配クリーニング 保管あり 宅配 クリーニング 10点コース 詰め放題 衣替え 夏物 ダウンジャケット 新生活 シミ抜き ボタン修理 毛玉取り オーガニック 個別洗い ハンガー仕上げ ロイヤル仕上げ ラクリ lacuri
7,楽天ランキング一位常連TVでも紹介・大好評着物をお送りください当店は基本的にシミがあっても追加料金なし　期間限定,着物クリーニング シミ抜き付 追加料金なし 本京洗い 着物丸洗い しみぬき付き 着物 襦袢 帯 男物 袴 何でも1点均一価格 JAPAN 日本 ジャポニカスタイル ジャポニズム 着物クリーニングします 只今税込3300円 成人式
8,自社製作のプロショップ、カッティング専門店。屋外耐候 高品質 メール便で送れる！親切、丁寧、プラス安心保障。活躍します 1文字から通販,カッティングシート 文字 切り文字 5cm以下 屋外 耐候 車 防水 カッティング文字 ステッカー MENU 価格 価格表 メニュー 値段 シール 看板 表札 文字シール 文字ステッカー 名前 ポスト 数字 アルファベット 漢字 デザイン工房
9,自社製作のプロショップ、カッティング専門店。屋外耐候 高品質 発送目安（2〜3営業日）お急ぎは別途対応。メール便で送れる！親切、丁寧、プラス安心保障。活躍します 1文字から通販,カッティングシート 文字 10cm以下 屋外 耐候 車 防水 カッティング文字 切り文字 ステッカー シール 看板 表札 文字シール 文字ステッカー 名前 ポスト 数字 アルファベット 漢字 デザイン工房 オリジナルグッズ
10,【カタログギフト（ロッカー受取対象）結婚内祝い 出産お祝い 結婚お祝い 出産祝い 入学祝い ギフトセット 粗品 挨拶 結婚 出産】,カタログギフト（あす楽） スーパープレミアムカタログギフト（S-AOOコース） おしゃれ 出産内祝い 内祝い 引き出物 香典返し 結婚祝い 引出物 内祝 ギフト 引越し お返し お祝い 粗供養 グルメカタログギフト お歳暮 ギフト（送料無料）
11,必ずタイヤと同時に購入してください。タイヤとタイヤ交換チケットを別々にご購入いただいた場合はタイヤ交換の対応が出来かねます。,タイヤ交換チケット（タイヤの組み換え）　13インチ 〜 16インチ　- 【4本】　タイヤの脱着・バランス調整込み【ゴムバルブ交換・タイヤ廃棄別】
12,【買いまわり対象】【ポイント利用可】,【国認定】宅配便リサイクル　回収料金
13,クリーニング 宅配 【楽天月間MVP受賞店舗/ランキング1位】 高品質で選んで頂き、5万7000人以上がキレイを実感中！袋に入るまで【詰め放題】綺麗な仕上りに大満足♪,【アフターSALE】クリーニング 宅配 15点 スマクリパック 高品質な宅配クリーニング 15点まで詰め放題 【サービス特集認定商品】
14,【カタログギフト（ロッカー受取対象）結婚内祝い 出産お祝い 結婚お祝い 出産祝い 入学祝い ギフトセット 粗品 挨拶 結婚 出産 / 送料無料】,カタログギフト（あす楽） プレミアムカタログギフト（S-BEOコース） （送料無料）おしゃれ 出産内祝い 内祝い 引き出物 香典返し 快気祝い 結婚祝い 引出物 内祝 入学内祝い 引っ越し 引越し お返し お祝いグルメカタログギフト(シエル)
15,壁付グリップ式LEDパネル ポスターフレーム　屋内使用　 W630mm×H880mm （壁付け看板/店舗用壁付け看板/店舗用看板/ポスターフレーム/看板/額縁/壁付きパネル）,【期間セール】【送料無料】LEDポスターパネル W630mm×H880mm 厚さ15mm　マグネット吸着式 フレーム幅30mm ブラック　シルバー　A1 壁付ポスターフレーム 　看板　LED照明入り看板　光るポスターフレーム　パネル看板　LEDパネル　屋内仕様 MGL-30S【法人名義：代引可】
16,こちらの商品は必ずレンタル商品と合わせてご注文下さい,あんしんパック
17,必ずタイヤと同時に購入してください。タイヤとタイヤ交換チケットを別々にご購入いただいた場合はタイヤ交換の対応が出来かねます。,【MaxP25倍!!楽天スーパーSALE!!】タイヤ交換チケット（タイヤの組み換え）　13インチ 〜 16インチ　- 【1本】　バランス調整込み【ゴムバルブ交換・タイヤ廃棄別】
18,最大10ヶ月間保管無料。保管対応の宅配クリーニング。保管は無料です。,宅配クリーニング 保管 宅配 クリーニング 15点コース 詰め放題 夏物 衣替え ダウンジャケット 送料無料 新生活 シミ抜き ボタン修理 毛玉取り オーガニック 個別洗い ハンガー仕上げ ロイヤル仕上げ ラクリ lacuri
19,クリーニング 詰め放題 クリーニング 保管 宅配クリーニング 15点 送料無料 衣替え 新生活 タカケン サービス特集認定商品 最大一年保管,【送料無料】クリーニング 詰め放題 宅配 15点 クリーニング 保管 衣替え 新生活 タカケン ダブルウォッシュ 汗とり 最大一年保管 宅配クリーニング【サービス特集認定商品】15点 保管ありコース
20,セレモニースーツ(ママスーツ・入学式・七五三)対象商品限定試着チケット,【対象商品2点にチケット1点】セレモニースーツ一部対応「試着チケット」サイズ・デザインでお迷いの貴方へ…
21,,洗濯機設置券【代引き不可】商品本体と設置券をご一緒にご購入ください。沖縄・離島での対応は出来かねます。
22,【古物商プレート】【全国どこでも送料無料！メール便・ゆうパケット発送】 古物商許可証 許可プレート 質屋　標識 磁石 マグネット,古物商プレート 許可証 看板 標識 穴あけ マグネット無料 160mm×80mm 質屋 金属くず商対応 紺色 警視庁公安委員会指定 選べる書体 両面テープ付 磁石　ゆうパケット発送
23,クリーニング 宅配クリーニング 送料無料 詰め放題 保管 宅配 10着 10点,《防虫カバー包装付き》宅配クリーニング [ 保管 付 10着まで 詰め放題 Mプラン ] スワンドライ クリーニング 保管 衣替え
24,クリーニング 10点まで 詰め放題、ダウン、カシミヤもOK． 保管サービスあり。シミ抜き無料。,"クリーニング Lサイズ 10点まで詰め放題 宅配 追加料金で保管 特急サービスあり 料金追加で 浴衣クリーニングできます 送料無料宅配クリーニング 防寒着、コート,ダウンに最適 10点 詰め放題L"
25,クリーニング 詰め放題 クリーニング 保管 宅配クリーニング 10点 送料無料 衣替え 新生活 タカケン サービス特集認定商品 最大一年保管,【送料無料】クリーニング 詰め放題 宅配 10点 クリーニング 保管 衣替え 新生活 タカケン ダブルウォッシュ 汗とり 最大一年保管 宅配クリーニング【サービス特集認定商品】10点 保管ありコース
26,【店頭受取対応商品】タイヤ専門店にお任せください！,【MaxP25倍!!楽天スーパーSALE!!】【来店専用】12〜17インチ タイヤ組替 タイヤ交換 脱着・ゴムバルブ交換・バランス調整・タイヤ処分　コミコミ！
27,,裾上げ シングル・ダブル ※裾直し後は返品・交換は出来ません。
28,衣類到着後10日以内で仕上げて発送します。点数カウントなので、ダウンジャケットなど冬物衣料は、店頭でのクリーニングよりも1点あたりは安いです。,宅配クリーニング 保管なし 宅配 クリーニング 10点コース 衣替え ダウンジャケット 送料無料 新生活 シミ抜き ボタン修理 毛玉取り オーガニック 個別洗い ハンガー仕上げ ロイヤル仕上げ ラクリ lacuri
29,レディース洋裁用ボディ 線入り,ボディ トルソー レディース ライン入り KIIYA キイヤ キイヤボディ 線入り 芯地張り 洋裁 手芸 女性 ホームソーイング SL-101
30,必ずタイヤと同時に購入してください。タイヤとタイヤ交換チケットを別々にご購入いただいた場合はタイヤ交換の対応が出来かねます。,タイヤ交換チケット（タイヤの組み換え）　13インチ 〜 16インチ　- 【1本】　タイヤの脱着・バランス調整込み【ゴムバルブ交換・タイヤ廃棄別】
